comparison_id,scenario_id,candidate_a,candidate_b,a_path_length,a_min_obstacle_distance,a_mean_obstacle_distance,a_collision_clearance,a_desired_clearance,a_smoothness,a_max_curvature,b_path_length,b_min_obstacle_distance,b_mean_obstacle_distance,b_collision_clearance,b_desired_clearance,b_smoothness,b_max_curvature,preferred_candidate
scenario_0001_comparison_0001,scenario_0001,candidate_01,candidate_02,113.07401562720197,0.6746241037755459,28.838006202671032,-4.325375896224454,-7.325375896224454,0.001462690016822077,0.0008820540463396159,113.11340805073722,0.9694817193195429,28.57536446744979,-4.030518280680457,-7.030518280680457,0.0006718875933065687,0.00036677889553067143,
scenario_0001_comparison_0002,scenario_0001,candidate_01,candidate_03,113.07401562720197,0.6746241037755459,28.838006202671032,-4.325375896224454,-7.325375896224454,0.001462690016822077,0.0008820540463396159,113.07852258734866,0.49863668231716857,28.784679685753822,-4.501363317682832,-7.501363317682832,0.0017981059315897846,0.0035076846487217504,
scenario_0001_comparison_0003,scenario_0001,candidate_01,candidate_04,113.07401562720197,0.6746241037755459,28.838006202671032,-4.325375896224454,-7.325375896224454,0.001462690016822077,0.0008820540463396159,115.2264822196722,9.174929323378208,30.375567131764356,4.174929323378208,1.1749293233782083,0.008798105784108196,0.013641674800582237,
scenario_0001_comparison_0004,scenario_0001,candidate_01,candidate_05,113.07401562720197,0.6746241037755459,28.838006202671032,-4.325375896224454,-7.325375896224454,0.001462690016822077,0.0008820540463396159,113.12418102086252,0.642498250310808,28.672242481272363,-4.357501749689192,-7.357501749689192,0.0003644647157238101,0.0005363569501702795,
scenario_0001_comparison_0005,scenario_0001,candidate_02,candidate_03,113.11340805073722,0.9694817193195429,28.57536446744979,-4.030518280680457,-7.030518280680457,0.0006718875933065687,0.00036677889553067143,113.07852258734866,0.49863668231716857,28.784679685753822,-4.501363317682832,-7.501363317682832,0.0017981059315897846,0.0035076846487217504,
scenario_0001_comparison_0006,scenario_0001,candidate_02,candidate_04,113.11340805073722,0.9694817193195429,28.57536446744979,-4.030518280680457,-7.030518280680457,0.0006718875933065687,0.00036677889553067143,115.2264822196722,9.174929323378208,30.375567131764356,4.174929323378208,1.1749293233782083,0.008798105784108196,0.013641674800582237,
scenario_0001_comparison_0007,scenario_0001,candidate_02,candidate_05,113.11340805073722,0.9694817193195429,28.57536446744979,-4.030518280680457,-7.030518280680457,0.0006718875933065687,0.00036677889553067143,113.12418102086252,0.642498250310808,28.672242481272363,-4.357501749689192,-7.357501749689192,0.0003644647157238101,0.0005363569501702795,
scenario_0001_comparison_0008,scenario_0001,candidate_03,candidate_04,113.07852258734866,0.49863668231716857,28.784679685753822,-4.501363317682832,-7.501363317682832,0.0017981059315897846,0.0035076846487217504,115.2264822196722,9.174929323378208,30.375567131764356,4.174929323378208,1.1749293233782083,0.008798105784108196,0.013641674800582237,
scenario_0001_comparison_0009,scenario_0001,candidate_03,candidate_05,113.07852258734866,0.49863668231716857,28.784679685753822,-4.501363317682832,-7.501363317682832,0.0017981059315897846,0.0035076846487217504,113.12418102086252,0.642498250310808,28.672242481272363,-4.357501749689192,-7.357501749689192,0.0003644647157238101,0.0005363569501702795,
scenario_0001_comparison_0010,scenario_0001,candidate_04,candidate_05,115.2264822196722,9.174929323378208,30.375567131764356,4.174929323378208,1.1749293233782083,0.008798105784108196,0.013641674800582237,113.12418102086252,0.642498250310808,28.672242481272363,-4.357501749689192,-7.357501749689192,0.0003644647157238101,0.0005363569501702795,
